ClientKey,NotaRegelBedrag,NotaJaar,NotaKwartaal,NotaMaand,BuurtCode,BuurtNaam
1,736.04,2018,Qtr 2,September,BU08260300,Dorst
1,1968.44,2020,Qtr 4,May,BU08261300,Vogelbuurt
1,879.28,2021,Qtr 3,August,BU08260601,Sterrenbuurt
1,1023.72,2020,Qtr 3,January,BU08260300,Vogelbuurt
1,1863.67,2020,Qtr 1,July,BU08261307,Buitengebied Dorst-Zuid
1,2034.11,2021,Qtr 4,April,BU08260300,Sterrenbuurt
1,497.3,2020,Qtr 2,July,BU08260300,Dorst
1,2375.63,2019,Qtr 2,January,BU08260300,Sterrenbuurt
1,2416.02,2019,Qtr 4,April,BU08260300,Sterrenbuurt
1,1176.1,2021,Qtr 4,January,BU08260601,Slotjes-West
1,35.07,2020,Qtr 3,January,BU08261300,Sterrenbuurt
1,2414.11,2021,Qtr 2,March,BU08261300,Sterrenbuurt
1,1369.33,2020,Qtr 2,October,BU08260601,Buitengebied Dorst-Zuid
1,2032.09,2018,Qtr 3,April,BU08260601,Sterrenbuurt
1,1441.67,2021,Qtr 2,January,BU08260300,Dorst
1,495.01,2018,Qtr 4,August,BU08260300,Dorst
1,241.94,2021,Qtr 2,July,BU08260102,Sterrenbuurt
1,708.37,2020,Qtr 2,January,BU08261307,Slotjes-West
1,1152.43,2020,Qtr 3,December,BU08260102,Slotjes-West
1,1449.31,2018,Qtr 3,March,BU08260300,Dorst
2,187.05,2019,Qtr 3,September,BU08261307,Buitengebied Dorst-Zuid
2,1174.13,2021,Qtr 4,November,BU08261307,Slotjes-West
2,1671.41,2021,Qtr 3,December,BU08260601,Vogelbuurt
2,1839.74,2019,Qtr 1,March,BU08260102,Buitengebied Dorst-Zuid
2,24.76,2018,Qtr 3,July,BU08260300,Buitengebied Dorst-Zuid
2,1657.52,2018,Qtr 4,July,BU08261300,Slotjes-West
2,524.56,2021,Qtr 4,September,BU08261307,Dorst
2,837.25,2019,Qtr 2,June,BU08260601,Dorst
2,1019.05,2021,Qtr 3,November,BU08261307,Vogelbuurt
2,78.64,2021,Qtr 3,January,BU08260601,Dorst
2,210.24,2018,Qtr 1,October,BU08261307,Slotjes-West
2,376.57,2020,Qtr 3,June,BU08260300,Vogelbuurt
2,1076.87,2018,Qtr 3,October,BU08260601,Sterrenbuurt
2,1173.23,2021,Qtr 2,February,BU08260102,Sterrenbuurt
2,160.96,2018,Qtr 4,December,BU08261300,Vogelbuurt
2,1925.07,2021,Qtr 1,August,BU08260102,Slotjes-West
2,506.08,2019,Qtr 3,August,BU08260300,Buitengebied Dorst-Zuid
2,2473.07,2019,Qtr 2,July,BU08260102,Buitengebied Dorst-Zuid
2,545.82,2018,Qtr 4,February,BU08261307,Vogelbuurt
2,1788.1,2020,Qtr 2,March,BU08261307,Vogelbuurt
3,1318.62,2018,Qtr 3,June,BU08261307,Slotjes-West
3,1813.31,2018,Qtr 2,February,BU08261307,Slotjes-West
3,673.43,2018,Qtr 2,October,BU08260102,Slotjes-West
3,1624.71,2019,Qtr 1,April,BU08260300,Dorst
3,1652.26,2018,Qtr 1,March,BU08260601,Buitengebied Dorst-Zuid
3,880.38,2020,Qtr 1,July,BU08260102,Vogelbuurt
3,2335.19,2020,Qtr 2,May,BU08261307,Dorst
3,977.64,2018,Qtr 3,July,BU08260102,Sterrenbuurt
3,1470.99,2020,Qtr 3,January,BU08260102,Slotjes-West
3,166.17,2021,Qtr 1,July,BU08260102,Buitengebied Dorst-Zuid
3,1286.55,2021,Qtr 1,June,BU08261300,Vogelbuurt
3,1853.31,2018,Qtr 1,January,BU08260300,Dorst
3,2166.39,2018,Qtr 2,May,BU08260601,Slotjes-West
3,575.5,2021,Qtr 1,April,BU08260601,Dorst
3,767.0,2018,Qtr 3,December,BU08260601,Slotjes-West
3,1375.82,2021,Qtr 2,March,BU08261300,Buitengebied Dorst-Zuid
3,2296.08,2018,Qtr 1,March,BU08260300,Buitengebied Dorst-Zuid
3,1477.01,2018,Qtr 3,August,BU08260102,Dorst
3,820.33,2021,Qtr 2,June,BU08260300,Sterrenbuurt
3,480.11,2019,Qtr 4,October,BU08260102,Sterrenbuurt
4,1371.28,2019,Qtr 2,October,BU08260601,Dorst
4,1927.2,2019,Qtr 2,August,BU08260102,Vogelbuurt
4,1872.72,2021,Qtr 3,December,BU08261307,Buitengebied Dorst-Zuid
4,86.2,2021,Qtr 2,March,BU08260102,Dorst
4,832.08,2019,Qtr 4,February,BU08260300,Dorst
4,1866.76,2019,Qtr 4,September,BU08261307,Slotjes-West
4,1020.0,2019,Qtr 2,November,BU08260102,Slotjes-West
4,236.77,2021,Qtr 2,January,BU08260300,Slotjes-West
4,504.35,2018,Qtr 4,August,BU08260601,Dorst
4,1842.76,2018,Qtr 3,April,BU08261300,Dorst
4,400.05,2021,Qtr 1,December,BU08260601,Dorst
4,1033.65,2019,Qtr 2,June,BU08261307,Dorst
4,1106.51,2019,Qtr 3,September,BU08260300,Dorst
4,1246.5,2020,Qtr 4,February,BU08260300,Sterrenbuurt
4,2042.51,2018,Qtr 2,January,BU08261307,Buitengebied Dorst-Zuid
4,411.89,2019,Qtr 1,January,BU08260102,Sterrenbuurt
4,1979.55,2020,Qtr 2,December,BU08260102,Slotjes-West
4,1434.57,2018,Qtr 1,October,BU08261300,Sterrenbuurt
4,2116.86,2019,Qtr 2,May,BU08261300,Vogelbuurt
4,907.68,2020,Qtr 2,April,BU08260601,Vogelbuurt
5,1010.66,2020,Qtr 1,March,BU08260102,Dorst
5,1623.48,2020,Qtr 3,August,BU08261307,Dorst
5,360.73,2021,Qtr 2,January,BU08261300,Dorst
5,2421.23,2021,Qtr 2,October,BU08260601,Slotjes-West
5,285.62,2021,Qtr 3,August,BU08260601,Buitengebied Dorst-Zuid
5,547.46,2020,Qtr 3,June,BU08261300,Buitengebied Dorst-Zuid
5,192.72,2021,Qtr 1,May,BU08261300,Dorst
5,1961.79,2018,Qtr 2,September,BU08261307,Sterrenbuurt
5,736.2,2020,Qtr 2,May,BU08261300,Buitengebied Dorst-Zuid
5,1567.09,2019,Qtr 2,February,BU08260300,Sterrenbuurt
5,1362.16,2019,Qtr 2,April,BU08260102,Vogelbuurt
5,2025.49,2020,Qtr 2,April,BU08260601,Vogelbuurt
5,1588.43,2021,Qtr 1,May,BU08260102,Slotjes-West
5,392.37,2019,Qtr 3,September,BU08260601,Dorst
5,9.0,2020,Qtr 4,September,BU08261300,Sterrenbuurt
5,1077.69,2018,Qtr 2,January,BU08261300,Sterrenbuurt
5,1144.01,2021,Qtr 3,February,BU08260300,Sterrenbuurt
5,427.07,2020,Qtr 4,October,BU08261307,Vogelbuurt
5,999.14,2021,Qtr 2,October,BU08260601,Sterrenbuurt
5,1538.79,2019,Qtr 1,June,BU08260102,Vogelbuurt
6,530.42,2020,Qtr 4,June,BU08260300,Slotjes-West
6,1131.51,2019,Qtr 1,March,BU08260601,Buitengebied Dorst-Zuid
6,990.06,2021,Qtr 3,October,BU08260601,Sterrenbuurt
6,1950.23,2020,Qtr 1,February,BU08260102,Buitengebied Dorst-Zuid
6,2182.96,2019,Qtr 3,October,BU08261307,Vogelbuurt
6,793.62,2019,Qtr 3,August,BU08260102,Vogelbuurt
6,1929.69,2018,Qtr 3,April,BU08260102,Dorst
6,894.56,2018,Qtr 2,January,BU08260300,Buitengebied Dorst-Zuid
6,2063.32,2021,Qtr 3,October,BU08261300,Vogelbuurt
6,1191.22,2021,Qtr 1,December,BU08260300,Sterrenbuurt
6,743.44,2020,Qtr 3,November,BU08260601,Slotjes-West
6,462.08,2020,Qtr 1,January,BU08261307,Sterrenbuurt
6,1672.11,2020,Qtr 2,May,BU08261300,Vogelbuurt
6,1263.39,2021,Qtr 2,September,BU08260601,Dorst
6,2479.25,2018,Qtr 1,February,BU08261300,Slotjes-West
6,1967.98,2020,Qtr 1,March,BU08261307,Slotjes-West
6,1230.69,2019,Qtr 3,February,BU08261300,Sterrenbuurt
6,305.06,2019,Qtr 4,April,BU08261307,Vogelbuurt
6,1736.04,2018,Qtr 2,September,BU08261307,Vogelbuurt
6,2242.99,2021,Qtr 2,August,BU08261307,Vogelbuurt
7,683.37,2018,Qtr 1,July,BU08260601,Dorst
7,1298.67,2019,Qtr 1,June,BU08261300,Dorst
7,1577.04,2018,Qtr 3,February,BU08261307,Vogelbuurt
7,2207.7,2018,Qtr 3,March,BU08260102,Dorst
7,1496.79,2019,Qtr 3,February,BU08261300,Dorst
7,704.62,2020,Qtr 2,June,BU08261300,Buitengebied Dorst-Zuid
7,1527.71,2021,Qtr 1,April,BU08260300,Dorst
7,931.02,2018,Qtr 3,June,BU08260102,Buitengebied Dorst-Zuid
7,745.79,2020,Qtr 4,October,BU08261307,Vogelbuurt
7,1528.62,2020,Qtr 3,November,BU08260601,Dorst
7,220.61,2021,Qtr 2,September,BU08260300,Sterrenbuurt
7,1043.43,2018,Qtr 2,November,BU08261300,Sterrenbuurt
7,2306.01,2018,Qtr 2,August,BU08261300,Buitengebied Dorst-Zuid
7,992.79,2020,Qtr 4,January,BU08260300,Vogelbuurt
7,1804.03,2020,Qtr 2,July,BU08261307,Dorst
7,2275.74,2020,Qtr 1,May,BU08260300,Dorst
7,2453.32,2021,Qtr 1,December,BU08260601,Dorst
7,1865.64,2019,Qtr 3,July,BU08260102,Dorst
7,148.19,2021,Qtr 4,August,BU08261307,Vogelbuurt
7,2193.46,2018,Qtr 2,March,BU08260102,Buitengebied Dorst-Zuid
8,1431.52,2021,Qtr 1,March,BU08260300,Sterrenbuurt
8,1748.43,2020,Qtr 4,September,BU08260300,Dorst
8,1186.92,2021,Qtr 2,August,BU08260601,Sterrenbuurt
8,2286.87,2019,Qtr 4,March,BU08260102,Sterrenbuurt
8,1408.62,2020,Qtr 1,May,BU08260102,Vogelbuurt
8,2159.54,2019,Qtr 3,January,BU08260601,Sterrenbuurt
8,2423.8,2019,Qtr 3,October,BU08260300,Dorst
8,1147.73,2018,Qtr 1,February,BU08261307,Dorst
8,305.98,2020,Qtr 3,January,BU08260102,Sterrenbuurt
8,1063.46,2020,Qtr 4,August,BU08261300,Dorst
8,959.61,2019,Qtr 1,August,BU08261300,Sterrenbuurt
8,582.34,2018,Qtr 4,December,BU08260102,Vogelbuurt
8,1620.53,2020,Qtr 4,May,BU08260102,Vogelbuurt
8,1838.75,2019,Qtr 1,October,BU08261307,Vogelbuurt
8,755.53,2018,Qtr 1,June,BU08260102,Dorst
8,458.49,2019,Qtr 1,September,BU08260300,Sterrenbuurt
8,1024.26,2018,Qtr 4,April,BU08260300,Buitengebied Dorst-Zuid
8,339.8,2021,Qtr 4,January,BU08260300,Dorst
8,1569.44,2019,Qtr 2,May,BU08260300,Buitengebied Dorst-Zuid
8,900.68,2019,Qtr 2,September,BU08260300,Buitengebied Dorst-Zuid
9,465.34,2020,Qtr 1,February,BU08261300,Slotjes-West
9,1142.28,2018,Qtr 3,February,BU08260300,Slotjes-West
9,1726.53,2018,Qtr 4,April,BU08260300,Slotjes-West
9,202.96,2019,Qtr 4,May,BU08261307,Dorst
9,1025.36,2019,Qtr 2,October,BU08260102,Vogelbuurt
9,1367.15,2020,Qtr 3,January,BU08261307,Slotjes-West
9,250.16,2019,Qtr 2,September,BU08260601,Slotjes-West
9,1995.45,2018,Qtr 1,May,BU08261307,Sterrenbuurt
9,1683.99,2020,Qtr 1,December,BU08261307,Buitengebied Dorst-Zuid
9,1379.16,2021,Qtr 4,November,BU08260601,Buitengebied Dorst-Zuid
9,1239.7,2019,Qtr 1,December,BU08260102,Buitengebied Dorst-Zuid
9,1756.99,2021,Qtr 4,November,BU08260102,Slotjes-West
9,608.96,2018,Qtr 1,July,BU08261307,Slotjes-West
9,19.3,2021,Qtr 2,April,BU08260300,Buitengebied Dorst-Zuid
9,2302.95,2021,Qtr 4,September,BU08260300,Slotjes-West
9,1022.54,2019,Qtr 4,May,BU08260300,Sterrenbuurt
9,523.17,2021,Qtr 1,February,BU08261300,Slotjes-West
9,1371.43,2021,Qtr 3,October,BU08260300,Sterrenbuurt
9,379.4,2020,Qtr 1,April,BU08260601,Vogelbuurt
9,1982.89,2019,Qtr 1,May,BU08261300,Vogelbuurt
10,322.43,2020,Qtr 1,November,BU08261307,Dorst
10,408.4,2021,Qtr 2,October,BU08260300,Buitengebied Dorst-Zuid
10,1632.69,2019,Qtr 3,January,BU08260601,Vogelbuurt
10,411.79,2019,Qtr 2,April,BU08260102,Buitengebied Dorst-Zuid
10,1849.19,2020,Qtr 2,December,BU08260601,Slotjes-West
10,2024.81,2020,Qtr 3,May,BU08261300,Sterrenbuurt
10,1311.42,2018,Qtr 2,May,BU08261300,Vogelbuurt
10,1959.78,2021,Qtr 2,August,BU08260300,Sterrenbuurt
10,762.33,2021,Qtr 1,December,BU08260300,Vogelbuurt
10,2404.47,2021,Qtr 4,March,BU08261300,Slotjes-West
10,1341.92,2019,Qtr 4,July,BU08260102,Slotjes-West
10,1222.13,2021,Qtr 1,October,BU08260102,Buitengebied Dorst-Zuid
10,2258.96,2021,Qtr 1,February,BU08260102,Sterrenbuurt
10,547.94,2019,Qtr 4,April,BU08261300,Sterrenbuurt
10,685.58,2019,Qtr 1,May,BU08260601,Slotjes-West
10,284.86,2020,Qtr 3,December,BU08260300,Slotjes-West
10,189.11,2018,Qtr 3,February,BU08260601,Dorst
10,1778.73,2020,Qtr 4,June,BU08260300,Vogelbuurt
10,776.34,2018,Qtr 3,September,BU08261300,Vogelbuurt
10,316.59,2019,Qtr 3,June,BU08260601,Buitengebied Dorst-Zuid
11,436.39,2019,Qtr 4,July,BU08260300,Buitengebied Dorst-Zuid
11,1600.06,2019,Qtr 1,October,BU08261307,Slotjes-West
11,384.43,2020,Qtr 1,July,BU08260601,Dorst
11,1913.45,2019,Qtr 3,January,BU08260300,Vogelbuurt
11,762.58,2021,Qtr 2,February,BU08260102,Sterrenbuurt
11,548.99,2020,Qtr 1,August,BU08261307,Sterrenbuurt
11,1056.79,2021,Qtr 1,July,BU08260300,Buitengebied Dorst-Zuid
11,867.64,2019,Qtr 2,June,BU08260300,Slotjes-West
11,1498.19,2020,Qtr 2,April,BU08260601,Dorst
11,726.04,2020,Qtr 2,February,BU08261307,Dorst
11,461.58,2019,Qtr 2,May,BU08261307,Dorst
11,906.95,2019,Qtr 4,September,BU08260300,Sterrenbuurt
11,539.5,2020,Qtr 1,October,BU08260102,Dorst
11,1491.96,2018,Qtr 1,July,BU08260300,Dorst
11,960.67,2020,Qtr 2,July,BU08260102,Sterrenbuurt
11,2012.64,2019,Qtr 2,November,BU08261300,Sterrenbuurt
11,1788.71,2021,Qtr 4,September,BU08260300,Slotjes-West
11,718.11,2019,Qtr 3,November,BU08260300,Sterrenbuurt
11,2008.57,2020,Qtr 3,November,BU08261300,Buitengebied Dorst-Zuid
11,526.28,2018,Qtr 3,October,BU08260601,Sterrenbuurt
12,2028.6,2021,Qtr 2,April,BU08260601,Dorst
12,2484.12,2020,Qtr 3,September,BU08260601,Slotjes-West
12,1744.49,2021,Qtr 1,May,BU08260601,Vogelbuurt
12,412.17,2021,Qtr 3,March,BU08260102,Dorst
12,2336.3,2019,Qtr 4,August,BU08261307,Vogelbuurt
12,1063.62,2018,Qtr 4,December,BU08260601,Sterrenbuurt
12,2198.21,2019,Qtr 3,September,BU08260601,Dorst
12,2229.67,2020,Qtr 3,October,BU08261300,Sterrenbuurt
12,231.28,2021,Qtr 2,June,BU08261307,Dorst
12,1829.46,2020,Qtr 2,February,BU08261300,Slotjes-West
12,2425.92,2018,Qtr 2,September,BU08260300,Slotjes-West
12,2061.63,2019,Qtr 1,June,BU08261307,Sterrenbuurt
12,878.84,2021,Qtr 3,June,BU08260601,Dorst
12,287.52,2020,Qtr 4,May,BU08260601,Slotjes-West
12,495.0,2019,Qtr 2,December,BU08260601,Slotjes-West
12,2133.86,2019,Qtr 4,June,BU08260601,Slotjes-West
12,510.61,2018,Qtr 1,February,BU08260601,Dorst
12,1502.69,2021,Qtr 3,December,BU08260300,Dorst
12,1558.53,2020,Qtr 4,July,BU08261307,Dorst
12,521.89,2020,Qtr 4,February,BU08261300,Dorst
13,1952.01,2020,Qtr 2,November,BU08260300,Sterrenbuurt
13,966.0,2018,Qtr 4,January,BU08261300,Buitengebied Dorst-Zuid
13,1598.88,2020,Qtr 2,December,BU08261307,Sterrenbuurt
13,1331.82,2020,Qtr 3,January,BU08261300,Dorst
13,771.71,2018,Qtr 4,December,BU08261300,Buitengebied Dorst-Zuid
13,1068.62,2019,Qtr 1,October,BU08261307,Buitengebied Dorst-Zuid
13,1455.56,2020,Qtr 3,March,BU08260102,Slotjes-West
13,142.12,2020,Qtr 2,July,BU08261300,Buitengebied Dorst-Zuid
13,1860.49,2021,Qtr 4,June,BU08261300,Dorst
13,1661.73,2020,Qtr 1,January,BU08261307,Dorst
13,880.71,2018,Qtr 4,February,BU08260300,Buitengebied Dorst-Zuid
13,1797.41,2018,Qtr 4,January,BU08260300,Slotjes-West
13,1861.68,2019,Qtr 2,November,BU08260601,Vogelbuurt
13,777.83,2021,Qtr 1,October,BU08261300,Buitengebied Dorst-Zuid
13,1124.93,2020,Qtr 1,February,BU08260102,Slotjes-West
13,2311.15,2020,Qtr 2,August,BU08260102,Buitengebied Dorst-Zuid
13,205.95,2019,Qtr 2,October,BU08260300,Dorst
13,1837.34,2020,Qtr 4,July,BU08261307,Vogelbuurt
13,2149.31,2019,Qtr 3,July,BU08260102,Sterrenbuurt
13,474.8,2020,Qtr 1,August,BU08260601,Sterrenbuurt
14,138.67,2018,Qtr 4,February,BU08261300,Slotjes-West
14,484.23,2019,Qtr 2,September,BU08260102,Sterrenbuurt
14,2438.83,2021,Qtr 1,May,BU08260601,Buitengebied Dorst-Zuid
14,320.9,2020,Qtr 4,June,BU08261300,Dorst
14,1480.12,2019,Qtr 4,March,BU08260601,Vogelbuurt
14,1059.5,2019,Qtr 2,April,BU08260102,Buitengebied Dorst-Zuid
14,0.55,2021,Qtr 4,May,BU08261300,Dorst
14,1657.53,2018,Qtr 2,June,BU08261300,Vogelbuurt
14,924.27,2020,Qtr 4,August,BU08261300,Vogelbuurt
14,2310.94,2021,Qtr 2,April,BU08261300,Buitengebied Dorst-Zuid
14,756.66,2019,Qtr 1,December,BU08260601,Buitengebied Dorst-Zuid
14,1675.3,2020,Qtr 3,March,BU08260300,Slotjes-West
14,2053.2,2020,Qtr 3,November,BU08261307,Dorst
14,116.95,2018,Qtr 4,January,BU08261300,Vogelbuurt
14,1763.44,2021,Qtr 3,November,BU08260300,Dorst
14,2159.99,2019,Qtr 1,June,BU08260102,Slotjes-West
14,942.92,2020,Qtr 3,January,BU08261300,Dorst
14,817.81,2021,Qtr 3,August,BU08260300,Buitengebied Dorst-Zuid
14,2425.08,2021,Qtr 2,July,BU08261307,Buitengebied Dorst-Zuid
14,1625.77,2019,Qtr 4,May,BU08261300,Dorst
15,678.13,2020,Qtr 2,November,BU08261300,Sterrenbuurt
15,2231.26,2021,Qtr 2,November,BU08260601,Sterrenbuurt
15,297.82,2018,Qtr 2,March,BU08260601,Dorst
15,2205.16,2020,Qtr 3,December,BU08261307,Sterrenbuurt
15,1734.48,2021,Qtr 2,July,BU08260601,Dorst
15,726.54,2020,Qtr 4,May,BU08260300,Vogelbuurt
15,1743.03,2020,Qtr 4,May,BU08261300,Slotjes-West
15,1825.61,2021,Qtr 2,April,BU08260102,Slotjes-West
15,2194.07,2021,Qtr 1,December,BU08260601,Sterrenbuurt
15,486.82,2021,Qtr 1,August,BU08260102,Dorst
15,1647.07,2020,Qtr 2,August,BU08260300,Slotjes-West
15,2075.93,2021,Qtr 1,October,BU08260102,Buitengebied Dorst-Zuid
15,1697.86,2020,Qtr 1,June,BU08260102,Dorst
15,965.61,2020,Qtr 1,September,BU08260300,Buitengebied Dorst-Zuid
15,1999.57,2020,Qtr 1,July,BU08260102,Vogelbuurt
15,635.25,2021,Qtr 4,May,BU08260102,Dorst
15,497.21,2018,Qtr 1,November,BU08260102,Buitengebied Dorst-Zuid
15,1233.11,2020,Qtr 4,April,BU08260300,Sterrenbuurt
15,1492.98,2018,Qtr 3,December,BU08261300,Vogelbuurt
15,1373.79,2019,Qtr 4,November,BU08260601,Slotjes-West
16,652.31,2019,Qtr 4,March,BU08260300,Dorst
16,2091.68,2021,Qtr 3,May,BU08261300,Sterrenbuurt
16,2295.74,2019,Qtr 4,November,BU08261307,Sterrenbuurt
16,1791.81,2021,Qtr 3,June,BU08260601,Slotjes-West
16,2112.42,2019,Qtr 3,January,BU08260300,Slotjes-West
16,1034.38,2018,Qtr 1,July,BU08260601,Vogelbuurt
16,2221.01,2020,Qtr 3,February,BU08261300,Sterrenbuurt
16,2149.43,2019,Qtr 3,September,BU08261307,Slotjes-West
16,724.88,2019,Qtr 2,April,BU08261307,Buitengebied Dorst-Zuid
16,523.09,2018,Qtr 2,September,BU08260300,Vogelbuurt
16,987.34,2021,Qtr 3,February,BU08261300,Vogelbuurt
16,2254.9,2021,Qtr 1,October,BU08260300,Dorst
16,2322.57,2019,Qtr 4,February,BU08260102,Vogelbuurt
16,1514.86,2021,Qtr 1,September,BU08260601,Sterrenbuurt
16,152.39,2018,Qtr 1,February,BU08261307,Vogelbuurt
16,2470.5,2021,Qtr 1,March,BU08260601,Slotjes-West
16,1677.59,2021,Qtr 1,August,BU08260300,Buitengebied Dorst-Zuid
16,966.8,2019,Qtr 3,May,BU08260601,Vogelbuurt
16,381.57,2018,Qtr 2,May,BU08260102,Slotjes-West
16,2361.63,2020,Qtr 3,December,BU08261300,Buitengebied Dorst-Zuid
17,925.63,2021,Qtr 3,November,BU08261307,Slotjes-West
17,1320.58,2021,Qtr 4,October,BU08260300,Slotjes-West
17,2172.63,2019,Qtr 3,February,BU08260102,Buitengebied Dorst-Zuid
17,1466.71,2018,Qtr 1,December,BU08260102,Buitengebied Dorst-Zuid
17,335.64,2021,Qtr 4,February,BU08260102,Sterrenbuurt
17,1326.46,2019,Qtr 4,November,BU08261307,Slotjes-West
17,1424.81,2019,Qtr 1,November,BU08261300,Dorst
17,2209.89,2021,Qtr 4,March,BU08260601,Dorst
17,708.43,2019,Qtr 2,September,BU08261307,Sterrenbuurt
17,2056.55,2020,Qtr 2,September,BU08261300,Vogelbuurt
17,348.39,2018,Qtr 2,August,BU08260102,Dorst
17,1825.81,2021,Qtr 3,July,BU08261300,Slotjes-West
17,900.9,2018,Qtr 3,April,BU08261307,Slotjes-West
17,2106.97,2021,Qtr 1,August,BU08261300,Sterrenbuurt
17,347.37,2019,Qtr 3,November,BU08260601,Sterrenbuurt
17,291.62,2020,Qtr 3,December,BU08261307,Sterrenbuurt
17,1588.29,2020,Qtr 2,June,BU08260601,Vogelbuurt
17,334.67,2020,Qtr 4,July,BU08260102,Slotjes-West
17,856.46,2018,Qtr 1,July,BU08260102,Buitengebied Dorst-Zuid
17,1126.59,2019,Qtr 4,June,BU08260300,Slotjes-West
18,2424.18,2018,Qtr 2,July,BU08260102,Buitengebied Dorst-Zuid
18,305.62,2018,Qtr 1,October,BU08260102,Vogelbuurt
18,1306.45,2021,Qtr 2,December,BU08260300,Vogelbuurt
18,1333.52,2021,Qtr 2,March,BU08261300,Sterrenbuurt
18,1207.65,2018,Qtr 4,June,BU08261300,Slotjes-West
18,1546.65,2018,Qtr 1,January,BU08260102,Vogelbuurt
18,218.14,2020,Qtr 2,February,BU08260300,Vogelbuurt
18,1079.6,2020,Qtr 2,March,BU08260102,Slotjes-West
18,2037.18,2021,Qtr 1,February,BU08261307,Slotjes-West
18,1877.59,2021,Qtr 1,October,BU08261307,Buitengebied Dorst-Zuid
18,657.36,2018,Qtr 3,October,BU08260300,Buitengebied Dorst-Zuid
18,1230.82,2020,Qtr 1,October,BU08261300,Sterrenbuurt
18,2444.22,2021,Qtr 4,February,BU08260102,Slotjes-West
18,1913.85,2018,Qtr 4,December,BU08260601,Dorst
18,620.89,2018,Qtr 3,December,BU08260102,Buitengebied Dorst-Zuid
18,1341.91,2021,Qtr 4,October,BU08261307,Buitengebied Dorst-Zuid
18,1431.53,2020,Qtr 4,September,BU08260300,Vogelbuurt
18,2220.32,2019,Qtr 4,July,BU08261307,Buitengebied Dorst-Zuid
18,1851.55,2019,Qtr 4,January,BU08261300,Dorst
18,2127.75,2020,Qtr 3,March,BU08261300,Vogelbuurt
19,548.47,2019,Qtr 3,July,BU08261300,Dorst
19,1720.8,2020,Qtr 3,October,BU08260601,Sterrenbuurt
19,64.38,2019,Qtr 2,November,BU08260300,Sterrenbuurt
19,623.07,2018,Qtr 3,August,BU08260300,Slotjes-West
19,1364.84,2020,Qtr 1,July,BU08260300,Buitengebied Dorst-Zuid
19,2338.46,2021,Qtr 4,August,BU08261307,Dorst
19,2397.6,2020,Qtr 3,June,BU08260601,Dorst
19,1140.07,2020,Qtr 3,March,BU08260102,Buitengebied Dorst-Zuid
19,2066.53,2020,Qtr 4,October,BU08261307,Vogelbuurt
19,1639.17,2020,Qtr 3,March,BU08260300,Slotjes-West
19,172.11,2020,Qtr 1,October,BU08261300,Slotjes-West
19,43.89,2021,Qtr 1,December,BU08261307,Vogelbuurt
19,2411.41,2019,Qtr 1,April,BU08260601,Buitengebied Dorst-Zuid
19,487.4,2020,Qtr 1,November,BU08261300,Sterrenbuurt
19,2110.41,2018,Qtr 3,September,BU08260102,Vogelbuurt
19,2369.22,2018,Qtr 4,March,BU08260102,Sterrenbuurt
19,1785.29,2021,Qtr 1,August,BU08260102,Slotjes-West
19,1066.96,2020,Qtr 1,June,BU08260102,Buitengebied Dorst-Zuid
19,1057.43,2020,Qtr 3,July,BU08261300,Dorst
19,175.97,2019,Qtr 3,November,BU08260601,Buitengebied Dorst-Zuid
20,1433.57,2020,Qtr 3,March,BU08260300,Vogelbuurt
20,978.56,2021,Qtr 4,October,BU08261307,Buitengebied Dorst-Zuid
20,2299.75,2021,Qtr 4,February,BU08260300,Sterrenbuurt
20,91.13,2021,Qtr 1,January,BU08261307,Dorst
20,2032.35,2020,Qtr 3,October,BU08261300,Slotjes-West
20,1425.43,2018,Qtr 1,February,BU08260300,Vogelbuurt
20,1554.51,2020,Qtr 3,June,BU08260300,Sterrenbuurt
20,2328.63,2018,Qtr 1,July,BU08260601,Dorst
20,490.71,2018,Qtr 1,February,BU08261307,Slotjes-West
20,111.66,2020,Qtr 1,February,BU08260601,Dorst
20,758.3,2021,Qtr 1,December,BU08260601,Slotjes-West
20,1400.19,2020,Qtr 3,October,BU08260300,Vogelbuurt
20,2322.93,2020,Qtr 2,December,BU08260601,Buitengebied Dorst-Zuid
20,1342.53,2020,Qtr 3,April,BU08261300,Buitengebied Dorst-Zuid
20,1976.67,2019,Qtr 2,August,BU08261307,Dorst
20,2052.77,2019,Qtr 4,November,BU08260102,Vogelbuurt
20,2198.64,2020,Qtr 4,February,BU08260300,Slotjes-West
20,2222.57,2019,Qtr 1,May,BU08261307,Sterrenbuurt
20,1352.88,2020,Qtr 2,September,BU08261307,Buitengebied Dorst-Zuid
20,222.82,2018,Qtr 4,February,BU08260102,Sterrenbuurt
21,1848.3,2019,Qtr 2,November,BU08260601,Dorst
21,855.96,2021,Qtr 2,November,BU08261307,Dorst
21,1945.16,2020,Qtr 2,July,BU08260300,Slotjes-West
21,2401.05,2018,Qtr 1,December,BU08260300,Slotjes-West
21,23.89,2019,Qtr 3,July,BU08261300,Slotjes-West
21,2304.47,2020,Qtr 3,March,BU08260102,Buitengebied Dorst-Zuid
21,1529.47,2020,Qtr 3,April,BU08261307,Buitengebied Dorst-Zuid
21,97.21,2021,Qtr 2,March,BU08260102,Dorst
21,824.78,2019,Qtr 4,August,BU08260300,Slotjes-West
21,369.71,2020,Qtr 2,March,BU08260102,Vogelbuurt
21,2247.22,2020,Qtr 4,October,BU08260300,Sterrenbuurt
21,1851.44,2020,Qtr 4,December,BU08261300,Buitengebied Dorst-Zuid
21,1046.38,2020,Qtr 1,September,BU08260601,Dorst
21,390.26,2020,Qtr 4,December,BU08260601,Slotjes-West
21,1796.34,2021,Qtr 1,August,BU08260300,Sterrenbuurt
21,295.06,2020,Qtr 4,July,BU08260102,Sterrenbuurt
21,364.37,2018,Qtr 2,March,BU08261300,Slotjes-West
21,829.02,2019,Qtr 4,November,BU08261307,Buitengebied Dorst-Zuid
21,260.2,2021,Qtr 1,October,BU08260300,Dorst
21,2313.17,2018,Qtr 4,August,BU08261300,Vogelbuurt
22,1723.94,2019,Qtr 4,June,BU08261307,Buitengebied Dorst-Zuid
22,2100.6,2018,Qtr 2,February,BU08261307,Dorst
22,102.24,2018,Qtr 2,October,BU08260300,Vogelbuurt
22,111.41,2021,Qtr 1,December,BU08261307,Buitengebied Dorst-Zuid
22,1856.16,2021,Qtr 1,April,BU08261300,Vogelbuurt
22,951.02,2019,Qtr 4,April,BU08260102,Slotjes-West
22,1883.56,2021,Qtr 2,March,BU08260601,Buitengebied Dorst-Zuid
22,1653.29,2021,Qtr 2,May,BU08260300,Vogelbuurt
22,2045.09,2021,Qtr 3,July,BU08261300,Vogelbuurt
22,862.87,2020,Qtr 2,August,BU08261300,Buitengebied Dorst-Zuid
22,559.95,2020,Qtr 3,September,BU08260601,Dorst
22,1574.53,2019,Qtr 4,February,BU08260601,Dorst
22,208.88,2018,Qtr 1,May,BU08261300,Dorst
22,2257.68,2020,Qtr 4,June,BU08260102,Slotjes-West
22,112.55,2021,Qtr 4,November,BU08260601,Sterrenbuurt
22,2379.94,2018,Qtr 4,August,BU08260601,Slotjes-West
22,858.47,2020,Qtr 1,December,BU08260601,Slotjes-West
22,1169.74,2020,Qtr 4,March,BU08260300,Slotjes-West
22,1353.67,2018,Qtr 3,May,BU08260102,Dorst
22,465.17,2020,Qtr 3,March,BU08260601,Slotjes-West
23,510.24,2018,Qtr 3,March,BU08260601,Sterrenbuurt
23,981.09,2020,Qtr 3,March,BU08260102,Vogelbuurt
23,2366.87,2020,Qtr 1,February,BU08260601,Vogelbuurt
23,1383.02,2018,Qtr 4,September,BU08260300,Dorst
23,2192.67,2019,Qtr 1,November,BU08261300,Slotjes-West
23,588.72,2021,Qtr 2,March,BU08260300,Buitengebied Dorst-Zuid
23,1731.89,2020,Qtr 4,January,BU08260300,Buitengebied Dorst-Zuid
23,1630.66,2019,Qtr 4,April,BU08260601,Sterrenbuurt
23,182.35,2021,Qtr 4,August,BU08260102,Vogelbuurt
23,1233.94,2018,Qtr 1,March,BU08261300,Slotjes-West
23,1837.03,2019,Qtr 2,June,BU08260300,Vogelbuurt
23,1746.5,2021,Qtr 4,December,BU08260601,Dorst
23,1209.12,2020,Qtr 3,June,BU08260102,Buitengebied Dorst-Zuid
23,587.53,2018,Qtr 4,March,BU08260102,Sterrenbuurt
23,826.69,2019,Qtr 1,March,BU08260102,Vogelbuurt
23,103.45,2021,Qtr 4,November,BU08260300,Slotjes-West
23,1190.89,2019,Qtr 2,March,BU08260102,Vogelbuurt
23,624.63,2021,Qtr 3,February,BU08260300,Sterrenbuurt
23,1892.04,2019,Qtr 2,May,BU08260300,Buitengebied Dorst-Zuid
23,2305.93,2018,Qtr 2,January,BU08260601,Vogelbuurt
24,2302.95,2020,Qtr 3,July,BU08260102,Dorst
24,723.98,2019,Qtr 3,March,BU08260601,Vogelbuurt
24,2247.21,2019,Qtr 1,July,BU08261300,Sterrenbuurt
24,129.01,2018,Qtr 3,October,BU08260300,Dorst
24,2349.72,2020,Qtr 3,June,BU08261307,Sterrenbuurt
24,669.54,2018,Qtr 3,January,BU08261300,Slotjes-West
24,1244.88,2019,Qtr 3,July,BU08261300,Dorst
24,1640.24,2019,Qtr 2,June,BU08260102,Dorst
24,1678.16,2020,Qtr 4,August,BU08260102,Buitengebied Dorst-Zuid
24,1164.93,2018,Qtr 2,December,BU08260300,Slotjes-West
24,1862.77,2021,Qtr 2,December,BU08260300,Sterrenbuurt
24,99.06,2021,Qtr 3,March,BU08261300,Sterrenbuurt
24,327.91,2020,Qtr 1,September,BU08261307,Buitengebied Dorst-Zuid
24,495.38,2019,Qtr 3,December,BU08260300,Slotjes-West
24,1341.06,2020,Qtr 4,March,BU08260300,Slotjes-West
24,2022.63,2021,Qtr 3,February,BU08260601,Buitengebied Dorst-Zuid
24,753.05,2019,Qtr 1,June,BU08260601,Sterrenbuurt
24,933.44,2019,Qtr 3,July,BU08260300,Dorst
24,1556.79,2019,Qtr 1,November,BU08260601,Slotjes-West
24,1056.47,2019,Qtr 3,April,BU08261300,Slotjes-West
25,1542.42,2020,Qtr 3,November,BU08261300,Vogelbuurt
25,685.1,2021,Qtr 2,March,BU08261300,Vogelbuurt
25,53.76,2021,Qtr 1,June,BU08261307,Dorst
25,670.54,2019,Qtr 3,May,BU08261307,Vogelbuurt
25,1503.9,2020,Qtr 1,June,BU08260601,Slotjes-West
25,1263.0,2021,Qtr 2,April,BU08260601,Sterrenbuurt
25,1225.0,2018,Qtr 2,November,BU08261307,Sterrenbuurt
25,1396.56,2021,Qtr 1,May,BU08260102,Slotjes-West
25,2184.73,2019,Qtr 1,September,BU08261300,Sterrenbuurt
25,267.54,2018,Qtr 4,September,BU08260601,Sterrenbuurt
25,946.14,2020,Qtr 2,October,BU08261300,Slotjes-West
25,1977.95,2020,Qtr 1,February,BU08260300,Slotjes-West
25,1362.83,2019,Qtr 2,January,BU08260601,Dorst
25,656.24,2020,Qtr 3,June,BU08260300,Slotjes-West
25,2291.11,2021,Qtr 1,July,BU08260300,Buitengebied Dorst-Zuid
25,718.34,2018,Qtr 3,March,BU08260300,Sterrenbuurt
25,373.89,2019,Qtr 3,December,BU08260601,Buitengebied Dorst-Zuid
25,833.58,2018,Qtr 4,October,BU08260601,Vogelbuurt
25,1219.29,2021,Qtr 2,April,BU08260601,Slotjes-West
25,472.48,2021,Qtr 2,March,BU08261307,Slotjes-West
26,2377.1,2021,Qtr 4,May,BU08261300,Buitengebied Dorst-Zuid
26,1904.43,2019,Qtr 3,August,BU08260102,Dorst
26,1162.95,2020,Qtr 2,May,BU08260102,Vogelbuurt
26,1416.49,2019,Qtr 3,January,BU08260601,Slotjes-West
26,1668.46,2021,Qtr 3,July,BU08260300,Buitengebied Dorst-Zuid
26,784.61,2018,Qtr 4,May,BU08261300,Sterrenbuurt
26,1060.8,2020,Qtr 4,October,BU08261300,Buitengebied Dorst-Zuid
26,1768.28,2021,Qtr 1,September,BU08260300,Dorst
26,1109.46,2021,Qtr 1,June,BU08261300,Dorst
26,1783.53,2021,Qtr 4,December,BU08261300,Vogelbuurt
26,1211.67,2020,Qtr 4,November,BU08260102,Vogelbuurt
26,955.64,2021,Qtr 2,September,BU08260601,Sterrenbuurt
26,1681.69,2018,Qtr 4,June,BU08261307,Buitengebied Dorst-Zuid
26,1254.51,2018,Qtr 4,September,BU08260102,Dorst
26,2048.88,2020,Qtr 1,August,BU08260601,Sterrenbuurt
26,868.72,2020,Qtr 4,October,BU08261300,Dorst
26,2348.12,2021,Qtr 3,January,BU08260102,Vogelbuurt
26,1895.04,2021,Qtr 2,May,BU08260102,Sterrenbuurt
26,75.96,2018,Qtr 3,September,BU08261300,Slotjes-West
26,669.71,2020,Qtr 2,March,BU08260102,Buitengebied Dorst-Zuid
27,1181.94,2020,Qtr 1,July,BU08261307,Vogelbuurt
27,2445.98,2020,Qtr 4,February,BU08260300,Dorst
27,93.89,2021,Qtr 2,April,BU08260102,Slotjes-West
27,353.36,2020,Qtr 3,September,BU08260102,Dorst
27,343.67,2021,Qtr 4,May,BU08261307,Sterrenbuurt
27,856.69,2020,Qtr 4,April,BU08260601,Buitengebied Dorst-Zuid
27,1500.3,2019,Qtr 3,November,BU08261300,Dorst
27,1704.31,2021,Qtr 2,February,BU08260601,Slotjes-West
27,1672.16,2021,Qtr 1,January,BU08260601,Sterrenbuurt
27,635.95,2021,Qtr 1,January,BU08261300,Vogelbuurt
27,1469.4,2019,Qtr 2,December,BU08260300,Buitengebied Dorst-Zuid
27,941.46,2019,Qtr 1,June,BU08261307,Vogelbuurt
27,746.18,2019,Qtr 2,November,BU08261300,Buitengebied Dorst-Zuid
27,2206.49,2020,Qtr 3,January,BU08261300,Slotjes-West
27,1715.52,2019,Qtr 3,March,BU08260102,Slotjes-West
27,1454.62,2020,Qtr 4,December,BU08260102,Vogelbuurt
27,966.71,2020,Qtr 4,April,BU08261300,Vogelbuurt
27,55.1,2021,Qtr 4,November,BU08261307,Sterrenbuurt
27,637.97,2021,Qtr 3,November,BU08261300,Dorst
27,821.37,2020,Qtr 2,February,BU08260300,Sterrenbuurt
28,775.96,2021,Qtr 3,July,BU08261307,Buitengebied Dorst-Zuid
28,2006.46,2020,Qtr 3,October,BU08260601,Vogelbuurt
28,1468.67,2020,Qtr 4,September,BU08260601,Buitengebied Dorst-Zuid
28,460.65,2018,Qtr 3,July,BU08261300,Dorst
28,1696.31,2019,Qtr 3,September,BU08260300,Vogelbuurt
28,2069.27,2021,Qtr 2,October,BU08261307,Dorst
28,2259.96,2018,Qtr 3,June,BU08260601,Slotjes-West
28,1913.39,2019,Qtr 2,November,BU08260601,Buitengebied Dorst-Zuid
28,2112.61,2019,Qtr 2,November,BU08260102,Buitengebied Dorst-Zuid
28,1188.42,2021,Qtr 1,March,BU08260300,Sterrenbuurt
28,1830.9,2019,Qtr 3,May,BU08261307,Slotjes-West
28,595.61,2020,Qtr 4,April,BU08261307,Sterrenbuurt
28,559.73,2020,Qtr 1,January,BU08260102,Dorst
28,2436.72,2021,Qtr 2,February,BU08261307,Sterrenbuurt
28,1672.96,2019,Qtr 2,February,BU08260601,Slotjes-West
28,2222.52,2021,Qtr 2,April,BU08260601,Dorst
28,648.53,2021,Qtr 4,August,BU08260102,Slotjes-West
28,1986.49,2018,Qtr 2,May,BU08260300,Sterrenbuurt
28,2055.81,2021,Qtr 3,June,BU08260601,Slotjes-West
28,964.48,2018,Qtr 4,April,BU08260102,Vogelbuurt
29,1429.51,2018,Qtr 1,August,BU08260102,Slotjes-West
29,2128.71,2020,Qtr 2,December,BU08260102,Sterrenbuurt
29,38.79,2021,Qtr 4,June,BU08260300,Vogelbuurt
29,1170.83,2020,Qtr 2,May,BU08261307,Vogelbuurt
29,621.9,2021,Qtr 3,November,BU08261300,Sterrenbuurt
29,698.63,2020,Qtr 4,March,BU08261300,Dorst
29,2144.86,2019,Qtr 2,June,BU08261307,Sterrenbuurt
29,606.3,2020,Qtr 1,June,BU08260102,Sterrenbuurt
29,89.37,2020,Qtr 1,September,BU08260102,Vogelbuurt
29,995.83,2018,Qtr 3,June,BU08260601,Slotjes-West
29,1685.66,2019,Qtr 4,January,BU08260102,Buitengebied Dorst-Zuid
29,2237.49,2018,Qtr 3,December,BU08260300,Vogelbuurt
29,417.43,2020,Qtr 3,July,BU08261307,Slotjes-West
29,1592.95,2020,Qtr 2,February,BU08260300,Dorst
29,648.44,2020,Qtr 1,June,BU08261307,Sterrenbuurt
29,1052.33,2018,Qtr 2,February,BU08261300,Buitengebied Dorst-Zuid
29,1239.95,2019,Qtr 4,June,BU08261300,Vogelbuurt
29,685.43,2020,Qtr 2,July,BU08260300,Dorst
29,274.33,2020,Qtr 1,May,BU08260601,Dorst
29,865.37,2018,Qtr 4,September,BU08260102,Sterrenbuurt
30,498.94,2021,Qtr 2,May,BU08261307,Dorst
30,303.2,2018,Qtr 4,February,BU08261300,Slotjes-West
30,170.06,2020,Qtr 2,June,BU08261307,Dorst
30,1492.32,2019,Qtr 1,March,BU08260300,Slotjes-West
30,927.35,2018,Qtr 2,November,BU08260102,Sterrenbuurt
30,1490.06,2019,Qtr 1,February,BU08260601,Vogelbuurt
30,551.52,2020,Qtr 3,July,BU08260300,Dorst
30,1630.83,2018,Qtr 3,July,BU08260601,Buitengebied Dorst-Zuid
30,21.99,2019,Qtr 3,October,BU08260102,Vogelbuurt
30,1213.61,2019,Qtr 2,January,BU08261300,Buitengebied Dorst-Zuid
30,1420.55,2018,Qtr 3,March,BU08261300,Vogelbuurt
30,1987.55,2020,Qtr 2,September,BU08260300,Vogelbuurt
30,776.05,2020,Qtr 3,November,BU08260601,Vogelbuurt
30,103.7,2018,Qtr 1,March,BU08260102,Slotjes-West
30,603.54,2021,Qtr 1,February,BU08260300,Buitengebied Dorst-Zuid
30,345.26,2019,Qtr 2,August,BU08260300,Vogelbuurt
30,1726.27,2020,Qtr 1,June,BU08260300,Vogelbuurt
30,1792.2,2018,Qtr 1,November,BU08261300,Buitengebied Dorst-Zuid
30,1138.77,2020,Qtr 1,August,BU08260601,Vogelbuurt
30,2479.11,2019,Qtr 2,July,BU08261300,Sterrenbuurt
31,758.96,2021,Qtr 1,December,BU08261300,Buitengebied Dorst-Zuid
31,918.76,2021,Qtr 4,December,BU08261307,Slotjes-West
31,79.3,2020,Qtr 2,December,BU08260300,Vogelbuurt
31,1396.87,2020,Qtr 1,April,BU08261300,Dorst
31,1066.13,2018,Qtr 2,May,BU08260102,Slotjes-West
31,477.6,2021,Qtr 3,December,BU08260300,Dorst
31,2229.53,2020,Qtr 2,April,BU08260300,Sterrenbuurt
31,237.76,2021,Qtr 1,November,BU08261300,Vogelbuurt
31,2468.59,2019,Qtr 2,August,BU08260300,Vogelbuurt
31,25.95,2018,Qtr 1,March,BU08260300,Sterrenbuurt
31,680.0,2018,Qtr 4,March,BU08261307,Sterrenbuurt
31,2115.77,2019,Qtr 4,May,BU08261300,Slotjes-West
31,241.55,2020,Qtr 1,August,BU08260102,Dorst
31,2304.82,2019,Qtr 3,December,BU08261300,Dorst
31,1321.44,2018,Qtr 3,December,BU08260601,Vogelbuurt
31,928.38,2021,Qtr 4,July,BU08260102,Buitengebied Dorst-Zuid
31,1356.76,2021,Qtr 1,January,BU08260300,Buitengebied Dorst-Zuid
31,2087.27,2020,Qtr 1,September,BU08261300,Sterrenbuurt
31,706.07,2020,Qtr 3,September,BU08260300,Slotjes-West
31,2268.18,2018,Qtr 2,July,BU08261300,Vogelbuurt
32,1398.44,2020,Qtr 2,September,BU08260102,Buitengebied Dorst-Zuid
32,600.88,2021,Qtr 4,November,BU08261307,Vogelbuurt
32,1089.92,2019,Qtr 4,December,BU08260102,Vogelbuurt
32,56.65,2021,Qtr 3,October,BU08260102,Sterrenbuurt
32,967.85,2018,Qtr 4,May,BU08261307,Sterrenbuurt
32,1905.29,2019,Qtr 1,June,BU08261300,Slotjes-West
32,855.78,2020,Qtr 1,March,BU08261300,Slotjes-West
32,841.65,2021,Qtr 3,April,BU08261307,Slotjes-West
32,1044.66,2019,Qtr 3,October,BU08260300,Slotjes-West
32,2144.93,2018,Qtr 1,May,BU08261300,Slotjes-West
32,102.19,2018,Qtr 3,August,BU08260102,Buitengebied Dorst-Zuid
32,779.88,2018,Qtr 2,October,BU08260300,Dorst
32,728.84,2020,Qtr 4,October,BU08260300,Sterrenbuurt
32,1428.54,2018,Qtr 1,March,BU08261300,Buitengebied Dorst-Zuid
32,1245.28,2020,Qtr 1,January,BU08261300,Vogelbuurt
32,2107.58,2018,Qtr 3,May,BU08260601,Dorst
32,597.44,2021,Qtr 4,November,BU08260601,Vogelbuurt
32,545.55,2019,Qtr 4,May,BU08260102,Vogelbuurt
32,1194.25,2019,Qtr 1,December,BU08260300,Vogelbuurt
32,2423.25,2018,Qtr 4,May,BU08260300,Dorst
33,1776.8,2021,Qtr 4,February,BU08260601,Slotjes-West
33,1145.21,2021,Qtr 1,September,BU08260300,Buitengebied Dorst-Zuid
33,389.64,2019,Qtr 1,November,BU08260102,Slotjes-West
33,81.64,2021,Qtr 4,April,BU08261307,Buitengebied Dorst-Zuid
33,1142.32,2019,Qtr 2,January,BU08260102,Vogelbuurt
33,1410.43,2018,Qtr 4,March,BU08261307,Vogelbuurt
33,180.45,2018,Qtr 2,October,BU08261300,Buitengebied Dorst-Zuid
33,2259.68,2018,Qtr 3,April,BU08261300,Slotjes-West
33,373.87,2020,Qtr 4,November,BU08261300,Dorst
33,1563.12,2020,Qtr 1,June,BU08261300,Sterrenbuurt
33,1367.27,2020,Qtr 1,August,BU08261307,Vogelbuurt
33,1627.83,2018,Qtr 4,July,BU08260102,Dorst
33,1518.38,2018,Qtr 1,December,BU08260300,Buitengebied Dorst-Zuid
33,2342.01,2018,Qtr 3,October,BU08260300,Sterrenbuurt
33,1450.37,2020,Qtr 2,June,BU08260601,Buitengebied Dorst-Zuid
33,218.05,2021,Qtr 4,October,BU08260300,Dorst
33,2324.73,2018,Qtr 1,December,BU08260102,Sterrenbuurt
33,2396.82,2021,Qtr 2,August,BU08260300,Buitengebied Dorst-Zuid
33,370.56,2019,Qtr 4,October,BU08261300,Sterrenbuurt
33,2078.62,2018,Qtr 4,January,BU08261300,Sterrenbuurt
34,2200.86,2018,Qtr 4,December,BU08261307,Vogelbuurt
34,1962.76,2021,Qtr 4,April,BU08261300,Buitengebied Dorst-Zuid
34,2001.4,2019,Qtr 1,February,BU08261300,Sterrenbuurt
34,2406.3,2020,Qtr 4,January,BU08261300,Vogelbuurt
34,1665.21,2020,Qtr 1,January,BU08260601,Dorst
34,199.52,2021,Qtr 3,July,BU08260601,Sterrenbuurt
34,471.75,2018,Qtr 4,March,BU08261300,Sterrenbuurt
34,935.86,2018,Qtr 1,December,BU08260102,Dorst
34,1526.43,2021,Qtr 2,October,BU08260300,Dorst
34,397.7,2019,Qtr 1,August,BU08260300,Vogelbuurt
34,254.33,2020,Qtr 4,May,BU08260601,Dorst
34,2117.39,2018,Qtr 3,March,BU08260102,Vogelbuurt
34,1190.61,2020,Qtr 2,December,BU08260300,Buitengebied Dorst-Zuid
34,2126.79,2021,Qtr 1,June,BU08260601,Buitengebied Dorst-Zuid
34,1785.24,2018,Qtr 1,November,BU08260102,Slotjes-West
34,1177.41,2019,Qtr 3,April,BU08261300,Buitengebied Dorst-Zuid
34,924.22,2020,Qtr 2,January,BU08260300,Slotjes-West
34,1725.14,2020,Qtr 3,September,BU08260102,Slotjes-West
34,1759.71,2018,Qtr 3,April,BU08261300,Slotjes-West
34,672.16,2019,Qtr 2,April,BU08261300,Vogelbuurt
35,1415.96,2020,Qtr 1,September,BU08260102,Dorst
35,2005.38,2021,Qtr 3,September,BU08260601,Vogelbuurt
35,2188.34,2019,Qtr 3,May,BU08261307,Vogelbuurt
35,860.47,2019,Qtr 3,January,BU08260300,Slotjes-West
35,830.44,2019,Qtr 3,April,BU08260102,Sterrenbuurt
35,2418.46,2019,Qtr 2,December,BU08260300,Dorst
35,2192.1,2020,Qtr 1,September,BU08261307,Buitengebied Dorst-Zuid
35,499.69,2021,Qtr 1,May,BU08260300,Slotjes-West
35,196.97,2019,Qtr 1,March,BU08260102,Sterrenbuurt
35,260.98,2018,Qtr 1,August,BU08260601,Slotjes-West
35,744.29,2020,Qtr 2,February,BU08260102,Dorst
35,452.55,2021,Qtr 1,February,BU08260300,Dorst
35,21.48,2021,Qtr 4,May,BU08260601,Dorst
35,2318.5,2018,Qtr 3,November,BU08260102,Dorst
35,285.46,2020,Qtr 4,July,BU08260601,Buitengebied Dorst-Zuid
35,1664.18,2021,Qtr 3,February,BU08260102,Vogelbuurt
35,2153.57,2020,Qtr 3,March,BU08260601,Sterrenbuurt
35,2287.1,2018,Qtr 3,September,BU08261300,Buitengebied Dorst-Zuid
35,1525.82,2019,Qtr 1,December,BU08260300,Sterrenbuurt
35,1141.07,2021,Qtr 4,February,BU08260300,Dorst
36,1709.23,2018,Qtr 2,May,BU08260300,Vogelbuurt
36,1470.22,2018,Qtr 1,November,BU08260102,Slotjes-West
36,2121.31,2021,Qtr 4,March,BU08260102,Dorst
36,2335.75,2021,Qtr 4,August,BU08261300,Sterrenbuurt
36,1958.38,2021,Qtr 4,July,BU08260102,Sterrenbuurt
36,1517.2,2019,Qtr 4,October,BU08260102,Dorst
36,1677.09,2020,Qtr 1,August,BU08260601,Vogelbuurt
36,144.99,2021,Qtr 3,October,BU08261307,Sterrenbuurt
36,2117.21,2021,Qtr 1,February,BU08260300,Buitengebied Dorst-Zuid
36,1992.8,2018,Qtr 1,January,BU08260102,Slotjes-West
36,1012.07,2021,Qtr 1,July,BU08260300,Dorst
36,1830.84,2018,Qtr 4,May,BU08260300,Slotjes-West
36,1441.89,2020,Qtr 1,May,BU08261307,Sterrenbuurt
36,849.85,2021,Qtr 4,June,BU08260102,Buitengebied Dorst-Zuid
36,1064.92,2019,Qtr 1,November,BU08261300,Sterrenbuurt
36,1944.49,2021,Qtr 3,January,BU08261307,Slotjes-West
36,362.85,2019,Qtr 3,February,BU08261300,Sterrenbuurt
36,451.32,2018,Qtr 3,October,BU08261307,Sterrenbuurt
36,1649.92,2020,Qtr 1,February,BU08260102,Dorst
36,2097.55,2018,Qtr 2,July,BU08260601,Slotjes-West
37,2245.11,2020,Qtr 4,April,BU08261300,Buitengebied Dorst-Zuid
37,1731.75,2019,Qtr 4,June,BU08260300,Vogelbuurt
37,2265.78,2021,Qtr 3,May,BU08260601,Sterrenbuurt
37,422.66,2020,Qtr 4,June,BU08260102,Slotjes-West
37,82.66,2019,Qtr 1,January,BU08261307,Vogelbuurt
37,368.4,2019,Qtr 2,August,BU08260300,Slotjes-West
37,335.86,2021,Qtr 4,November,BU08260300,Dorst
37,165.2,2021,Qtr 1,October,BU08261307,Buitengebied Dorst-Zuid
37,611.09,2020,Qtr 3,April,BU08260601,Vogelbuurt
37,1762.58,2019,Qtr 2,October,BU08261300,Dorst
37,1414.15,2020,Qtr 1,April,BU08261307,Vogelbuurt
37,1247.24,2019,Qtr 2,July,BU08260300,Sterrenbuurt
37,382.66,2020,Qtr 2,December,BU08260102,Dorst
37,1089.3,2019,Qtr 3,November,BU08260102,Sterrenbuurt
37,839.08,2021,Qtr 2,November,BU08260102,Dorst
37,1196.11,2021,Qtr 4,June,BU08260300,Sterrenbuurt
37,1753.14,2018,Qtr 4,December,BU08260300,Slotjes-West
37,994.47,2020,Qtr 2,June,BU08261307,Vogelbuurt
37,1343.1,2019,Qtr 4,April,BU08260300,Vogelbuurt
37,1133.58,2020,Qtr 3,May,BU08260102,Dorst
38,300.61,2019,Qtr 3,November,BU08260300,Dorst
38,1983.82,2020,Qtr 3,May,BU08261300,Dorst
38,570.37,2019,Qtr 1,September,BU08260300,Buitengebied Dorst-Zuid
38,1303.21,2019,Qtr 4,August,BU08261307,Dorst
38,2457.27,2020,Qtr 3,December,BU08260300,Slotjes-West
38,367.28,2021,Qtr 3,March,BU08261307,Sterrenbuurt
38,1092.41,2019,Qtr 1,March,BU08261300,Slotjes-West
38,741.11,2019,Qtr 4,November,BU08261307,Slotjes-West
38,2418.78,2019,Qtr 2,December,BU08260300,Dorst
38,449.96,2021,Qtr 1,January,BU08260601,Slotjes-West
38,350.56,2019,Qtr 4,June,BU08260300,Sterrenbuurt
38,745.02,2018,Qtr 2,February,BU08260300,Dorst
38,861.19,2019,Qtr 4,March,BU08261300,Sterrenbuurt
38,1031.7,2020,Qtr 4,December,BU08260102,Slotjes-West
38,1846.68,2019,Qtr 1,January,BU08260102,Dorst
38,377.01,2019,Qtr 1,November,BU08261300,Sterrenbuurt
38,2362.29,2020,Qtr 4,May,BU08261300,Dorst
38,468.65,2018,Qtr 2,August,BU08261300,Slotjes-West
38,887.95,2021,Qtr 2,August,BU08261307,Vogelbuurt
38,474.16,2018,Qtr 4,May,BU08260300,Vogelbuurt
39,963.28,2018,Qtr 4,June,BU08261300,Vogelbuurt
39,1267.09,2019,Qtr 4,April,BU08260300,Slotjes-West
39,2389.22,2018,Qtr 4,June,BU08260102,Buitengebied Dorst-Zuid
39,660.28,2020,Qtr 2,August,BU08261300,Slotjes-West
39,1328.06,2021,Qtr 1,September,BU08260601,Slotjes-West
39,60.15,2020,Qtr 2,June,BU08261300,Vogelbuurt
39,48.96,2020,Qtr 4,May,BU08260300,Sterrenbuurt
39,1920.23,2021,Qtr 1,February,BU08260102,Sterrenbuurt
39,1637.12,2019,Qtr 4,May,BU08260300,Slotjes-West
39,647.83,2019,Qtr 1,April,BU08260601,Sterrenbuurt
39,1381.24,2020,Qtr 1,September,BU08261307,Vogelbuurt
39,1472.56,2021,Qtr 2,February,BU08260300,Buitengebied Dorst-Zuid
39,1153.37,2018,Qtr 1,July,BU08261300,Dorst
39,1633.2,2019,Qtr 3,November,BU08260601,Slotjes-West
39,461.85,2019,Qtr 2,July,BU08261300,Slotjes-West
39,1232.1,2018,Qtr 4,April,BU08260601,Vogelbuurt
39,1127.9,2019,Qtr 1,May,BU08260102,Slotjes-West
39,1983.27,2018,Qtr 2,October,BU08261307,Buitengebied Dorst-Zuid
39,846.93,2019,Qtr 1,October,BU08261307,Dorst
39,532.88,2018,Qtr 4,December,BU08260601,Dorst
40,2420.7,2021,Qtr 1,May,BU08260102,Sterrenbuurt
40,476.18,2021,Qtr 3,February,BU08260300,Buitengebied Dorst-Zuid
40,1437.54,2019,Qtr 1,September,BU08260102,Slotjes-West
40,1107.0,2018,Qtr 3,August,BU08261300,Sterrenbuurt
40,2351.19,2019,Qtr 4,March,BU08261307,Sterrenbuurt
40,1715.42,2019,Qtr 3,January,BU08261307,Sterrenbuurt
40,437.81,2018,Qtr 3,June,BU08260601,Slotjes-West
40,1330.58,2019,Qtr 4,May,BU08260102,Dorst
40,1439.81,2019,Qtr 4,May,BU08261307,Vogelbuurt
40,174.47,2018,Qtr 1,March,BU08260601,Sterrenbuurt
40,2337.33,2018,Qtr 4,January,BU08260300,Vogelbuurt
40,1207.26,2021,Qtr 2,June,BU08260300,Buitengebied Dorst-Zuid
40,2390.52,2019,Qtr 2,August,BU08260601,Vogelbuurt
40,1162.42,2021,Qtr 2,October,BU08260102,Sterrenbuurt
40,208.37,2021,Qtr 1,March,BU08261307,Slotjes-West
40,2457.98,2020,Qtr 4,May,BU08261300,Dorst
40,1167.65,2019,Qtr 2,July,BU08261300,Vogelbuurt
40,1816.85,2018,Qtr 4,December,BU08260102,Sterrenbuurt
40,2036.18,2018,Qtr 2,February,BU08261300,Sterrenbuurt
40,1709.44,2019,Qtr 2,September,BU08261307,Buitengebied Dorst-Zuid
41,2249.5,2019,Qtr 1,September,BU08260300,Buitengebied Dorst-Zuid
41,1624.34,2018,Qtr 4,February,BU08260102,Vogelbuurt
41,1215.17,2020,Qtr 4,May,BU08261307,Sterrenbuurt
41,393.17,2020,Qtr 2,June,BU08261307,Dorst
41,2455.46,2018,Qtr 2,October,BU08260300,Buitengebied Dorst-Zuid
41,1772.43,2019,Qtr 3,July,BU08260102,Sterrenbuurt
41,1917.12,2018,Qtr 4,April,BU08260601,Dorst
41,594.24,2018,Qtr 3,June,BU08260601,Dorst
41,1651.96,2018,Qtr 4,July,BU08261300,Dorst
41,1886.59,2018,Qtr 4,November,BU08260102,Slotjes-West
41,2187.05,2021,Qtr 4,October,BU08260102,Buitengebied Dorst-Zuid
41,1942.32,2021,Qtr 2,October,BU08260102,Dorst
41,2096.56,2021,Qtr 2,December,BU08261307,Slotjes-West
41,99.56,2018,Qtr 2,July,BU08261307,Sterrenbuurt
41,1504.89,2019,Qtr 4,October,BU08260300,Sterrenbuurt
41,1872.81,2021,Qtr 2,April,BU08261307,Dorst
41,67.43,2018,Qtr 1,January,BU08260601,Slotjes-West
41,1767.01,2018,Qtr 1,June,BU08260102,Vogelbuurt
41,860.66,2021,Qtr 4,March,BU08260300,Slotjes-West
41,1721.44,2020,Qtr 2,April,BU08260601,Dorst
42,582.34,2019,Qtr 3,October,BU08261300,Sterrenbuurt
42,1555.29,2021,Qtr 1,September,BU08261307,Slotjes-West
42,2289.89,2020,Qtr 3,November,BU08260102,Slotjes-West
42,2178.18,2019,Qtr 1,July,BU08260102,Slotjes-West
42,2331.69,2020,Qtr 1,November,BU08260102,Slotjes-West
42,1813.43,2021,Qtr 2,July,BU08261307,Slotjes-West
42,2191.68,2021,Qtr 4,July,BU08260300,Dorst
42,1955.02,2021,Qtr 2,March,BU08260300,Vogelbuurt
42,736.28,2021,Qtr 3,August,BU08260300,Vogelbuurt
42,2022.98,2021,Qtr 1,June,BU08260601,Vogelbuurt
42,698.97,2018,Qtr 3,September,BU08261307,Slotjes-West
42,1901.57,2020,Qtr 2,September,BU08261300,Dorst
42,2114.99,2018,Qtr 1,October,BU08260300,Slotjes-West
42,580.34,2021,Qtr 1,April,BU08260102,Slotjes-West
42,601.43,2018,Qtr 4,October,BU08260102,Vogelbuurt
42,605.45,2019,Qtr 2,September,BU08260102,Buitengebied Dorst-Zuid
42,216.32,2021,Qtr 1,January,BU08261307,Dorst
42,261.51,2018,Qtr 1,March,BU08260601,Dorst
42,1568.37,2018,Qtr 2,February,BU08261307,Slotjes-West
42,348.6,2021,Qtr 1,May,BU08261300,Slotjes-West
43,1053.63,2020,Qtr 4,November,BU08261300,Dorst
43,1276.29,2020,Qtr 1,December,BU08260102,Vogelbuurt
43,1495.51,2021,Qtr 1,December,BU08260102,Vogelbuurt
43,201.28,2020,Qtr 2,May,BU08260601,Sterrenbuurt
43,487.45,2019,Qtr 1,August,BU08261300,Sterrenbuurt
43,274.2,2020,Qtr 1,September,BU08261300,Slotjes-West
43,157.82,2021,Qtr 2,July,BU08261300,Vogelbuurt
43,1340.51,2021,Qtr 2,April,BU08261307,Sterrenbuurt
43,1334.85,2018,Qtr 4,February,BU08261300,Vogelbuurt
43,652.55,2018,Qtr 2,February,BU08261300,Dorst
43,430.28,2020,Qtr 2,October,BU08261307,Dorst
43,1391.81,2020,Qtr 1,April,BU08260102,Buitengebied Dorst-Zuid
43,14.95,2019,Qtr 1,October,BU08260300,Buitengebied Dorst-Zuid
43,1504.23,2020,Qtr 4,April,BU08261307,Dorst
43,183.52,2018,Qtr 3,June,BU08260601,Slotjes-West
43,702.4,2019,Qtr 2,March,BU08261307,Slotjes-West
43,1278.81,2020,Qtr 4,June,BU08261307,Slotjes-West
43,2121.65,2019,Qtr 2,May,BU08261307,Dorst
43,1403.24,2021,Qtr 2,January,BU08260601,Dorst
43,1603.01,2020,Qtr 4,September,BU08260601,Buitengebied Dorst-Zuid
44,1576.34,2018,Qtr 1,February,BU08260102,Sterrenbuurt
44,974.77,2020,Qtr 1,August,BU08260300,Slotjes-West
44,1868.31,2020,Qtr 2,February,BU08260601,Dorst
44,1528.82,2018,Qtr 4,September,BU08260601,Buitengebied Dorst-Zuid
44,488.68,2018,Qtr 2,February,BU08260102,Slotjes-West
44,1718.66,2021,Qtr 3,March,BU08260300,Dorst
44,1515.12,2021,Qtr 4,June,BU08260601,Dorst
44,306.7,2021,Qtr 1,September,BU08260300,Vogelbuurt
44,293.16,2020,Qtr 2,September,BU08260102,Slotjes-West
44,2107.19,2018,Qtr 2,September,BU08260601,Buitengebied Dorst-Zuid
44,1514.3,2021,Qtr 3,October,BU08260601,Buitengebied Dorst-Zuid
44,991.75,2020,Qtr 3,July,BU08260102,Slotjes-West
44,47.5,2018,Qtr 1,March,BU08261307,Buitengebied Dorst-Zuid
44,1451.41,2020,Qtr 4,May,BU08260601,Slotjes-West
44,1959.78,2020,Qtr 3,February,BU08261300,Slotjes-West
44,1388.04,2018,Qtr 4,February,BU08260601,Sterrenbuurt
44,501.6,2020,Qtr 2,December,BU08260601,Sterrenbuurt
44,1763.0,2019,Qtr 3,May,BU08261300,Vogelbuurt
44,1600.81,2018,Qtr 4,August,BU08261300,Buitengebied Dorst-Zuid
44,1279.59,2020,Qtr 4,September,BU08261307,Buitengebied Dorst-Zuid
45,1532.26,2021,Qtr 2,November,BU08261307,Dorst
45,1579.94,2018,Qtr 3,October,BU08261300,Dorst
45,157.82,2018,Qtr 4,September,BU08260300,Vogelbuurt
45,2033.42,2019,Qtr 3,October,BU08260300,Buitengebied Dorst-Zuid
45,2118.45,2020,Qtr 1,November,BU08260601,Slotjes-West
45,2382.91,2019,Qtr 2,March,BU08260102,Vogelbuurt
45,1952.39,2018,Qtr 3,February,BU08260102,Slotjes-West
45,1276.45,2018,Qtr 3,November,BU08261307,Sterrenbuurt
45,1408.13,2019,Qtr 2,March,BU08260300,Buitengebied Dorst-Zuid
45,947.78,2020,Qtr 2,April,BU08260300,Slotjes-West
45,945.78,2020,Qtr 2,May,BU08261300,Buitengebied Dorst-Zuid
45,1751.5,2021,Qtr 2,October,BU08260102,Buitengebied Dorst-Zuid
45,309.36,2018,Qtr 1,March,BU08260601,Dorst
45,85.06,2020,Qtr 2,January,BU08260102,Sterrenbuurt
45,1306.13,2019,Qtr 2,May,BU08261307,Sterrenbuurt
45,2244.33,2021,Qtr 3,September,BU08260601,Vogelbuurt
45,1458.95,2018,Qtr 3,June,BU08261300,Sterrenbuurt
45,1202.23,2021,Qtr 2,April,BU08260601,Buitengebied Dorst-Zuid
45,1936.19,2018,Qtr 3,September,BU08260601,Buitengebied Dorst-Zuid
45,1165.95,2019,Qtr 3,October,BU08260601,Sterrenbuurt
46,1768.19,2021,Qtr 3,May,BU08260102,Buitengebied Dorst-Zuid
46,1217.06,2020,Qtr 3,February,BU08260102,Buitengebied Dorst-Zuid
46,2413.03,2021,Qtr 1,September,BU08260300,Dorst
46,2265.74,2020,Qtr 3,May,BU08261307,Slotjes-West
46,689.28,2021,Qtr 1,March,BU08260300,Sterrenbuurt
46,1512.79,2020,Qtr 3,May,BU08260300,Vogelbuurt
46,619.98,2018,Qtr 3,January,BU08261300,Sterrenbuurt
46,2203.86,2021,Qtr 1,March,BU08260300,Buitengebied Dorst-Zuid
46,1700.06,2021,Qtr 4,July,BU08260102,Dorst
46,697.06,2019,Qtr 3,June,BU08260102,Slotjes-West
46,2123.35,2018,Qtr 3,April,BU08260300,Slotjes-West
46,352.69,2021,Qtr 2,July,BU08261300,Sterrenbuurt
46,392.03,2018,Qtr 1,June,BU08260601,Sterrenbuurt
46,1009.59,2020,Qtr 3,January,BU08260300,Dorst
46,1639.86,2021,Qtr 1,June,BU08261307,Dorst
46,2109.1,2019,Qtr 3,September,BU08261300,Vogelbuurt
46,584.02,2019,Qtr 1,November,BU08260300,Dorst
46,753.14,2020,Qtr 3,April,BU08260601,Slotjes-West
46,1737.11,2020,Qtr 3,April,BU08260300,Slotjes-West
46,220.31,2018,Qtr 3,June,BU08260601,Slotjes-West
47,1656.01,2020,Qtr 2,October,BU08260300,Vogelbuurt
47,1418.73,2020,Qtr 3,April,BU08261300,Vogelbuurt
47,22.99,2018,Qtr 1,June,BU08260601,Sterrenbuurt
47,1163.11,2018,Qtr 2,March,BU08261300,Vogelbuurt
47,2460.75,2021,Qtr 4,February,BU08261307,Vogelbuurt
47,516.35,2019,Qtr 4,May,BU08261307,Dorst
47,1077.65,2020,Qtr 4,November,BU08261307,Dorst
47,934.12,2021,Qtr 4,July,BU08260102,Buitengebied Dorst-Zuid
47,1170.28,2020,Qtr 2,January,BU08261307,Buitengebied Dorst-Zuid
47,1417.89,2019,Qtr 1,December,BU08260102,Vogelbuurt
47,2085.86,2019,Qtr 2,November,BU08260601,Vogelbuurt
47,2411.52,2021,Qtr 1,April,BU08260300,Buitengebied Dorst-Zuid
47,379.55,2020,Qtr 3,July,BU08260300,Sterrenbuurt
47,824.62,2019,Qtr 3,February,BU08261307,Buitengebied Dorst-Zuid
47,106.42,2019,Qtr 1,June,BU08260300,Buitengebied Dorst-Zuid
47,1956.24,2021,Qtr 1,April,BU08260601,Slotjes-West
47,1938.52,2018,Qtr 3,April,BU08260601,Sterrenbuurt
47,418.65,2020,Qtr 1,November,BU08260300,Vogelbuurt
47,90.74,2018,Qtr 2,December,BU08260300,Buitengebied Dorst-Zuid
47,399.21,2019,Qtr 1,July,BU08261307,Sterrenbuurt
48,2440.79,2021,Qtr 1,September,BU08261300,Slotjes-West
48,1671.06,2021,Qtr 4,May,BU08260102,Buitengebied Dorst-Zuid
48,1896.35,2020,Qtr 3,June,BU08260300,Dorst
48,913.89,2020,Qtr 2,October,BU08261307,Sterrenbuurt
48,388.33,2021,Qtr 1,May,BU08260102,Dorst
48,1739.99,2018,Qtr 1,April,BU08261307,Slotjes-West
48,1994.34,2020,Qtr 3,May,BU08260601,Dorst
48,1713.11,2021,Qtr 2,October,BU08260300,Vogelbuurt
48,1758.89,2018,Qtr 4,July,BU08260300,Dorst
48,2315.85,2021,Qtr 4,April,BU08260601,Buitengebied Dorst-Zuid
48,1418.8,2021,Qtr 3,March,BU08260300,Slotjes-West
48,1795.83,2019,Qtr 1,November,BU08261307,Slotjes-West
48,749.56,2019,Qtr 2,December,BU08261300,Vogelbuurt
48,2169.27,2020,Qtr 2,October,BU08260601,Dorst
48,1734.58,2019,Qtr 1,October,BU08260102,Dorst
48,422.27,2019,Qtr 3,February,BU08261307,Buitengebied Dorst-Zuid
48,1590.53,2019,Qtr 4,June,BU08261307,Vogelbuurt
48,54.46,2018,Qtr 4,March,BU08260601,Sterrenbuurt
48,554.08,2018,Qtr 3,December,BU08260601,Dorst
48,475.84,2019,Qtr 2,May,BU08260102,Dorst
49,34.45,2020,Qtr 4,December,BU08261300,Vogelbuurt
49,441.43,2018,Qtr 3,November,BU08261307,Vogelbuurt
49,571.85,2019,Qtr 2,March,BU08261307,Sterrenbuurt
49,2300.05,2019,Qtr 3,July,BU08261300,Dorst
49,1564.57,2021,Qtr 3,February,BU08261300,Vogelbuurt
49,1532.45,2020,Qtr 2,November,BU08260300,Slotjes-West
49,2293.05,2018,Qtr 3,November,BU08261300,Slotjes-West
49,237.9,2018,Qtr 4,November,BU08260102,Buitengebied Dorst-Zuid
49,2358.06,2020,Qtr 2,February,BU08260601,Vogelbuurt
49,869.33,2021,Qtr 3,July,BU08261307,Sterrenbuurt
49,2317.51,2019,Qtr 2,October,BU08260601,Buitengebied Dorst-Zuid
49,2000.17,2021,Qtr 4,April,BU08260102,Slotjes-West
49,2045.62,2019,Qtr 4,July,BU08261307,Slotjes-West
49,995.16,2019,Qtr 3,July,BU08260102,Slotjes-West
49,1198.34,2020,Qtr 1,December,BU08260601,Slotjes-West
49,2335.26,2019,Qtr 3,January,BU08260601,Dorst
49,2364.52,2020,Qtr 4,July,BU08261300,Slotjes-West
49,149.48,2020,Qtr 2,November,BU08261307,Buitengebied Dorst-Zuid
49,92.8,2018,Qtr 2,July,BU08261300,Sterrenbuurt
49,93.28,2019,Qtr 2,April,BU08260300,Dorst
50,277.97,2021,Qtr 1,July,BU08260102,Slotjes-West
50,387.98,2020,Qtr 4,July,BU08260601,Buitengebied Dorst-Zuid
50,2077.24,2019,Qtr 1,November,BU08261300,Slotjes-West
50,617.95,2018,Qtr 1,February,BU08261300,Slotjes-West
50,46.31,2018,Qtr 4,January,BU08260102,Dorst
50,1642.34,2021,Qtr 2,November,BU08260102,Dorst
50,606.78,2021,Qtr 2,June,BU08261307,Vogelbuurt
50,312.74,2021,Qtr 1,February,BU08260102,Sterrenbuurt
50,717.76,2018,Qtr 4,July,BU08260300,Slotjes-West
50,893.94,2020,Qtr 2,December,BU08260601,Sterrenbuurt
50,808.41,2019,Qtr 3,October,BU08261300,Slotjes-West
50,1144.5,2019,Qtr 4,December,BU08260300,Sterrenbuurt
50,2477.16,2018,Qtr 1,December,BU08260300,Slotjes-West
50,1064.13,2021,Qtr 4,December,BU08260300,Buitengebied Dorst-Zuid
50,1764.43,2020,Qtr 2,March,BU08260102,Vogelbuurt
50,2225.11,2020,Qtr 3,September,BU08261300,Vogelbuurt
50,2324.16,2021,Qtr 3,July,BU08260601,Dorst
50,1990.57,2019,Qtr 4,May,BU08261300,Sterrenbuurt
50,880.4,2019,Qtr 3,May,BU08260300,Vogelbuurt
50,354.31,2020,Qtr 3,June,BU08260300,Buitengebied Dorst-Zuid
